file_name,Unnamed: 0,gender
005613.jpg,0,1
005614.jpg,39,0
005615.jpg,77,0
005616.jpg,115,0
005617.jpg,151,1
005618.jpg,190,1
005619.jpg,229,1
005620.jpg,268,1
005621.jpg,305,0
005622.jpg,342,1
005623.jpg,379,0
005624.jpg,419,1
005625.jpg,457,0
005626.jpg,496,0
005627.jpg,534,0
005628.jpg,573,0
005629.jpg,610,0
005630.jpg,648,0
005631.jpg,686,1
005632.jpg,724,0
005633.jpg,760,0
005634.jpg,799,0
005635.jpg,837,1
005636.jpg,876,1
005637.jpg,914,1
005638.jpg,952,1
005639.jpg,991,1
005640.jpg,1030,1
005641.jpg,1069,1
005642.jpg,1107,0
005643.jpg,1144,0
005644.jpg,1180,0
005645.jpg,1218,1
005646.jpg,1256,0
005647.jpg,1293,1
005648.jpg,1330,1
005649.jpg,1368,1
005650.jpg,1405,0
005651.jpg,1442,1
005652.jpg,1479,0
005653.jpg,1518,0
005654.jpg,1556,1
005655.jpg,1594,0
005656.jpg,1634,0
005657.jpg,1673,0
005658.jpg,1712,0
005659.jpg,1750,0
005660.jpg,1787,0
005661.jpg,1825,1
005662.jpg,1863,0
005663.jpg,1900,0
005664.jpg,1938,0
005665.jpg,1977,1
005666.jpg,2017,1
005667.jpg,2056,0
005668.jpg,2094,0
005669.jpg,2132,1
005670.jpg,2170,0
005671.jpg,2208,0
005672.jpg,2244,0
005673.jpg,2282,1
005674.jpg,2320,1
005675.jpg,2359,1
005676.jpg,2398,0
005677.jpg,2436,0
005678.jpg,2473,0
005679.jpg,2511,1
005680.jpg,2550,0
005681.jpg,2588,0
005682.jpg,2627,0
005683.jpg,2667,1
005684.jpg,2706,0
005685.jpg,2745,1
005686.jpg,2782,1
005687.jpg,2821,1
005688.jpg,2861,0
005689.jpg,2899,0
005690.jpg,2938,1
005691.jpg,2975,0
005692.jpg,3014,0
005693.jpg,3053,1
005694.jpg,3091,0
005695.jpg,3127,1
005696.jpg,3166,1
005697.jpg,3204,0
005698.jpg,3243,0
005699.jpg,3282,1
005700.jpg,3321,1
005701.jpg,3360,1
005702.jpg,3400,1
005703.jpg,3437,1
005704.jpg,3473,0
005705.jpg,3511,1
005706.jpg,3550,1
005707.jpg,3590,1
005708.jpg,3629,1
005709.jpg,3667,1
005710.jpg,3705,1
005711.jpg,3741,1
005712.jpg,3779,0
005713.jpg,3818,1
005714.jpg,3857,0
005715.jpg,3894,1
005716.jpg,3932,1
005717.jpg,3970,0
005718.jpg,4008,0
005719.jpg,4047,0
005720.jpg,4085,1
005721.jpg,4122,1
005722.jpg,4161,0
005723.jpg,4199,1
005724.jpg,4238,0
005725.jpg,4276,0
005726.jpg,4314,1
005727.jpg,4352,1
005728.jpg,4390,1
005729.jpg,4429,0
005730.jpg,4467,0
005731.jpg,4504,0
005732.jpg,4543,1
005733.jpg,4581,1
005734.jpg,4621,0
005735.jpg,4660,0
005736.jpg,4696,1
005737.jpg,4734,1
005738.jpg,4771,0
005739.jpg,4808,0
005740.jpg,4846,1
005741.jpg,4885,0
005742.jpg,4923,1
005743.jpg,4960,0
005744.jpg,4998,0
005745.jpg,5036,0
005746.jpg,5075,1
005747.jpg,5115,0
005748.jpg,5153,1
005749.jpg,5192,0
005750.jpg,5231,1
005751.jpg,5268,0
005752.jpg,5307,1
005753.jpg,5345,0
005754.jpg,5383,1
005755.jpg,5422,1
005756.jpg,5459,0
005757.jpg,5495,0
005758.jpg,5533,0
005759.jpg,5571,1
005760.jpg,5609,0
005761.jpg,5648,0
005762.jpg,5686,0
005763.jpg,5725,0
005764.jpg,5763,-1
005765.jpg,5803,1
005766.jpg,5841,1
005767.jpg,5879,0
005768.jpg,5918,1
005769.jpg,5957,0
005770.jpg,5992,1
005771.jpg,6028,0
005772.jpg,6067,0
005773.jpg,6104,1
005774.jpg,6142,1
005775.jpg,6181,0
005776.jpg,6219,0
005777.jpg,6258,1
005778.jpg,6295,0
005779.jpg,6334,0
005780.jpg,6370,0
005781.jpg,6409,1
005782.jpg,6448,0
005783.jpg,6485,1
005784.jpg,6522,1
005785.jpg,6561,0
005786.jpg,6597,0
005787.jpg,6634,0
005788.jpg,6674,1
005789.jpg,6711,0
005790.jpg,6749,1
005791.jpg,6788,0
005792.jpg,6827,0
005793.jpg,6865,1
005794.jpg,6903,0
005795.jpg,6942,1
005796.jpg,6980,0
005797.jpg,7020,0
005798.jpg,7057,0
005799.jpg,7095,0
005800.jpg,7134,0
005801.jpg,7172,1
005802.jpg,7210,0
005803.jpg,7248,1
005804.jpg,7286,0
005805.jpg,7324,0
005806.jpg,7362,0
005807.jpg,7399,1
005808.jpg,7437,1
005809.jpg,7476,0
005810.jpg,7514,0
005811.jpg,7552,1
005812.jpg,7590,1
005813.jpg,7630,1
005814.jpg,7668,1
005815.jpg,7706,1
005816.jpg,7744,1
005817.jpg,7783,1
005818.jpg,7821,1
005819.jpg,7860,0
005820.jpg,7899,1
005821.jpg,7938,0
005822.jpg,7976,0
005823.jpg,8016,0
005824.jpg,8053,0
005825.jpg,8091,0
005826.jpg,8128,0
005827.jpg,8166,0
005828.jpg,8205,0
005829.jpg,8244,1
005830.jpg,8282,0
005831.jpg,8319,1
005832.jpg,8357,1
005833.jpg,8394,0
005834.jpg,8431,0
005835.jpg,8470,1
005836.jpg,8510,0
005837.jpg,8549,1
005838.jpg,8586,1
005839.jpg,8625,0
005840.jpg,8663,0
005841.jpg,8701,0
005842.jpg,8738,1
005843.jpg,8778,1
005844.jpg,8817,1
005845.jpg,8857,1
005846.jpg,8894,1
005847.jpg,8933,1
005848.jpg,8972,0
005849.jpg,9009,1
005850.jpg,9048,1
005852.jpg,9086,0
005853.jpg,9124,1
005854.jpg,9160,0
005855.jpg,9199,1
005856.jpg,9238,1
005857.jpg,9277,1
005858.jpg,9316,1
005859.jpg,9355,0
005860.jpg,9394,0
005861.jpg,9433,0
005862.jpg,9471,0
005863.jpg,9508,1
005864.jpg,9546,0
005865.jpg,9584,1
005866.jpg,9622,1
005867.jpg,9661,1
005868.jpg,9698,0
005869.jpg,9736,1
005870.jpg,9773,0
005871.jpg,9813,1
005872.jpg,9851,1
005873.jpg,9889,1
005874.jpg,9928,0
005875.jpg,9965,0
005876.jpg,10003,0
005877.jpg,10042,0
005878.jpg,10080,1
005879.jpg,10120,1
005880.jpg,10159,1
005881.jpg,10197,0
005882.jpg,10234,0
005883.jpg,10272,0
005884.jpg,10311,0
005885.jpg,10350,0
005886.jpg,10389,0
005887.jpg,10427,1
005888.jpg,10466,0
005889.jpg,10504,1
005890.jpg,10542,0
005891.jpg,10579,0
005892.jpg,10617,0
005893.jpg,10656,1
005894.jpg,10693,1
005895.jpg,10731,0
005896.jpg,10769,1
005897.jpg,10807,0
005898.jpg,10845,0
005899.jpg,10884,1
005900.jpg,10923,1
005901.jpg,10961,0
005902.jpg,10998,0
005903.jpg,11036,0
005904.jpg,11074,1
005905.jpg,11113,0
005906.jpg,11152,0
005907.jpg,11191,1
005908.jpg,11228,0
005909.jpg,11265,1
005910.jpg,11304,1
005911.jpg,11342,0
005912.jpg,11379,0
005913.jpg,11417,1
005914.jpg,11454,1
005915.jpg,11493,1
005916.jpg,11532,1
005917.jpg,11568,0
005918.jpg,11606,1
005919.jpg,11644,1
005920.jpg,11683,1
005921.jpg,11722,1
005922.jpg,11761,0
005923.jpg,11801,1
005924.jpg,11839,1
005925.jpg,11878,1
005926.jpg,11915,1
005927.jpg,11954,0
005928.jpg,11993,1
005929.jpg,12032,0
005930.jpg,12071,0
005931.jpg,12110,1
005932.jpg,12148,0
005933.jpg,12184,1
005934.jpg,12223,1
005935.jpg,12261,1
005936.jpg,12298,0
005937.jpg,12335,0
005938.jpg,12373,0
005939.jpg,12412,0
005940.jpg,12449,1
005941.jpg,12486,0
005942.jpg,12525,0
005943.jpg,12564,0
005944.jpg,12604,1
005945.jpg,12641,0
005946.jpg,12679,0
005947.jpg,12717,0
005948.jpg,12754,0
005949.jpg,12793,1
005950.jpg,12832,1
005951.jpg,12871,0
005952.jpg,12909,1
005953.jpg,12947,0
005954.jpg,12986,1
005955.jpg,13023,1
005956.jpg,13060,0
005957.jpg,13098,0
005958.jpg,13136,1
005959.jpg,13175,0
005960.jpg,13214,1
005961.jpg,13252,0
005962.jpg,13291,0
005963.jpg,13329,1
005964.jpg,13368,0
005965.jpg,13405,1
005966.jpg,13442,1
005967.jpg,13480,0
005968.jpg,13517,1
005969.jpg,13557,0
005970.jpg,13595,1
005971.jpg,13633,0
005972.jpg,13671,1
005973.jpg,13710,0
005974.jpg,13747,0
005975.jpg,13785,0
005976.jpg,13823,1
005977.jpg,13859,0
005978.jpg,13897,1
005979.jpg,13936,0
005980.jpg,13974,0
005981.jpg,14011,1
005982.jpg,14048,1
005983.jpg,14084,1
005984.jpg,14122,1
005985.jpg,14162,0
005986.jpg,14199,0
005987.jpg,14238,1
005988.jpg,14276,1
005989.jpg,14314,0
005990.jpg,14351,1
005991.jpg,14390,1
005992.jpg,14428,1
005993.jpg,14466,1
005994.jpg,14504,1
005995.jpg,14543,1
005996.jpg,14580,1
005997.jpg,14618,0
005998.jpg,14657,1
005999.jpg,14695,0
006000.jpg,14733,0
006001.jpg,14771,1
006002.jpg,14810,0
006003.jpg,14848,1
006005.jpg,14885,0
006006.jpg,14925,1
006007.jpg,14964,1
006008.jpg,15002,1
006009.jpg,15041,0
006010.jpg,15080,1
006011.jpg,15119,0
006012.jpg,15158,1
006013.jpg,15196,0
006014.jpg,15236,1
006015.jpg,15275,0
006016.jpg,15313,0
006017.jpg,15351,0
006018.jpg,15390,1
006019.jpg,15427,1
006020.jpg,15466,1
006021.jpg,15506,0
006022.jpg,15543,0
006023.jpg,15583,0
006024.jpg,15622,1
006025.jpg,15659,0
006027.jpg,15697,0
006028.jpg,15737,0
006029.jpg,15775,0
006030.jpg,15811,1
006031.jpg,15849,0
006032.jpg,15886,1
006033.jpg,15925,0
006034.jpg,15963,1
006035.jpg,16001,1
006036.jpg,16040,1
006037.jpg,16079,1
006038.jpg,16118,0
006039.jpg,16157,1
006040.jpg,16195,0
006041.jpg,16232,0
006042.jpg,16271,1
006043.jpg,16309,1
006044.jpg,16347,1
006045.jpg,16384,0
006046.jpg,16422,0
006047.jpg,16461,0
006048.jpg,16499,0
006049.jpg,16536,0
006050.jpg,16575,0
006051.jpg,16613,1
006052.jpg,16650,0
006053.jpg,16688,1
006054.jpg,16726,1
006055.jpg,16764,1
006056.jpg,16802,1
006057.jpg,16839,0
006058.jpg,16878,1
006059.jpg,16917,1
006060.jpg,16954,0
006061.jpg,16991,0
006062.jpg,17027,1
006063.jpg,17065,1
006064.jpg,17102,1
006065.jpg,17141,0
006066.jpg,17179,0
006067.jpg,17218,1
006068.jpg,17257,0
006069.jpg,17295,0
006070.jpg,17334,1
006071.jpg,17373,0
006072.jpg,17412,1
006073.jpg,17450,1
006074.jpg,17487,0
006075.jpg,17525,0
006076.jpg,17562,1
006077.jpg,17600,1
006078.jpg,17637,0
006079.jpg,17676,0
006080.jpg,17713,0
006081.jpg,17751,0
006082.jpg,17789,1
006083.jpg,17828,1
006084.jpg,17865,0
006085.jpg,17901,0
006086.jpg,17939,0
006087.jpg,17978,0
006088.jpg,18016,0
006089.jpg,18054,1
006090.jpg,18091,0
006091.jpg,18129,0
006092.jpg,18167,1
006093.jpg,18204,1
006094.jpg,18242,1
006095.jpg,18281,1
006096.jpg,18320,0
006097.jpg,18358,0
006098.jpg,18396,0
006099.jpg,18434,1
006100.jpg,18471,1
006101.jpg,18510,1
006102.jpg,18549,1
006103.jpg,18588,1
006104.jpg,18627,0
006105.jpg,18666,1
006106.jpg,18704,1
006107.jpg,18744,1
006108.jpg,18782,0
006109.jpg,18820,1
006110.jpg,18857,1
006111.jpg,18894,1
006112.jpg,18932,1
006113.jpg,18971,0
006114.jpg,19008,1
006115.jpg,19045,0
006116.jpg,19083,1
006117.jpg,19121,0
006118.jpg,19159,0
006119.jpg,19198,0
006120.jpg,19237,0
006121.jpg,19274,0
006122.jpg,19310,1
006123.jpg,19348,1
006124.jpg,19387,0
006125.jpg,19425,0
006126.jpg,19463,1
006127.jpg,19502,0
006128.jpg,19541,0
006129.jpg,19578,0
006130.jpg,19617,1
006131.jpg,19656,0
006132.jpg,19695,0
006133.jpg,19734,1
006134.jpg,19773,1
006135.jpg,19813,0
006136.jpg,19851,0
006137.jpg,19891,1
006138.jpg,19929,0
006139.jpg,19968,0
006140.jpg,20006,0
006141.jpg,20044,0
006142.jpg,20083,0
006143.jpg,20120,1
006144.jpg,20158,0
006145.jpg,20197,0
006146.jpg,20236,0
006147.jpg,20274,1
006148.jpg,20312,1
006149.jpg,20349,1
006150.jpg,20387,1
006151.jpg,20425,0
006152.jpg,20463,1
006153.jpg,20502,1
006154.jpg,20540,1
006155.jpg,20579,1
006156.jpg,20616,0
006157.jpg,20653,0
006158.jpg,20690,0
006159.jpg,20730,1
006160.jpg,20768,0
006161.jpg,20807,1
006162.jpg,20846,0
006163.jpg,20884,0
006164.jpg,20922,0
006165.jpg,20960,0
006166.jpg,20998,1
006167.jpg,21037,0
006168.jpg,21074,0
006169.jpg,21112,0
006170.jpg,21149,0
006171.jpg,21188,0
006172.jpg,21226,0
006173.jpg,21266,0
006174.jpg,21303,0
006175.jpg,21341,0
006176.jpg,21379,0
006177.jpg,21416,1
006178.jpg,21456,1
006179.jpg,21493,0
006180.jpg,21532,0
006181.jpg,21571,1
006182.jpg,21610,1
006183.jpg,21649,0
006184.jpg,21688,1
006185.jpg,21727,1
006186.jpg,21765,0
006187.jpg,21802,0
006188.jpg,21840,1
006189.jpg,21878,0
006190.jpg,21916,1
006191.jpg,21955,1
006192.jpg,21991,0
006193.jpg,22029,1
006194.jpg,22066,1
006195.jpg,22104,0
006196.jpg,22142,1
006197.jpg,22181,0
006198.jpg,22219,0
006199.jpg,22258,0
006200.jpg,22297,0
006201.jpg,22335,1
006202.jpg,22374,1
006203.jpg,22413,0
006204.jpg,22451,1
006205.jpg,22490,0
006206.jpg,22527,0
006207.jpg,22564,1
006208.jpg,22603,0
006209.jpg,22642,1
006210.jpg,22681,0
006211.jpg,22719,0
006212.jpg,22757,0
006213.jpg,22796,1
006214.jpg,22835,1
006215.jpg,22874,0
006216.jpg,22912,0
006217.jpg,22950,1
006218.jpg,22988,1
006219.jpg,23026,0
006220.jpg,23063,1
006221.jpg,23102,0
006222.jpg,23140,0
006223.jpg,23178,1
006224.jpg,23216,0
006225.jpg,23253,1
006226.jpg,23291,0
006227.jpg,23329,1
006228.jpg,23368,0
006229.jpg,23407,1
006230.jpg,23445,0
006231.jpg,23481,1
006232.jpg,23518,0
006233.jpg,23557,0
006234.jpg,23596,1
006235.jpg,23634,0
006236.jpg,23672,1
006237.jpg,23710,0
006238.jpg,23747,1
006239.jpg,23785,1
006241.jpg,23823,1
006242.jpg,23862,0
006243.jpg,23899,1
006244.jpg,23937,0
006245.jpg,23975,1
006246.jpg,24013,1
006247.jpg,24052,0
006248.jpg,24090,0
006249.jpg,24128,1
006250.jpg,24166,0
006251.jpg,24204,1
006252.jpg,24241,1
006253.jpg,24278,1
006254.jpg,24315,1
006255.jpg,24353,0
006256.jpg,24390,1
006257.jpg,24430,1
006258.jpg,24469,-1
006259.jpg,24506,1
006260.jpg,24543,1
006261.jpg,24581,1
006262.jpg,24619,1
006263.jpg,24657,1
006264.jpg,24695,1
006265.jpg,24734,1
006266.jpg,24772,0
006267.jpg,24810,1
006268.jpg,24847,0
006269.jpg,24886,1
006270.jpg,24923,0
006271.jpg,24961,1
006272.jpg,25000,1
006273.jpg,25039,1
006274.jpg,25077,1
006275.jpg,25115,1
006276.jpg,25153,0
006277.jpg,25191,0
006278.jpg,25229,0
006279.jpg,25267,0
006280.jpg,25306,0
006281.jpg,25344,1
006282.jpg,25382,0
006283.jpg,25419,1
006284.jpg,25457,1
006285.jpg,25495,0
006286.jpg,25534,0
006287.jpg,25572,0
006288.jpg,25611,1
006289.jpg,25648,1
006290.jpg,25687,1
006291.jpg,25727,0
006292.jpg,25765,0
006293.jpg,25803,1
006294.jpg,25842,1
006295.jpg,25879,0
006296.jpg,25917,1
006297.jpg,25955,1
006298.jpg,25992,1
006299.jpg,26030,1
006300.jpg,26069,1
006301.jpg,26108,0
006302.jpg,26146,1
006303.jpg,26185,1
006304.jpg,26224,1
006305.jpg,26260,0
006306.jpg,26298,0
006307.jpg,26336,0
006308.jpg,26372,1
006309.jpg,26411,1
006310.jpg,26450,0
006311.jpg,26489,1
006312.jpg,26526,1
006313.jpg,26565,0
006314.jpg,26602,1
006315.jpg,26640,0
006316.jpg,26679,1
006317.jpg,26717,0
006318.jpg,26755,1
006319.jpg,26794,1
006320.jpg,26834,1
006321.jpg,26872,1
006322.jpg,26912,0
006323.jpg,26950,0
006324.jpg,26989,1
006325.jpg,27029,1
006326.jpg,27067,0
006327.jpg,27106,0
006328.jpg,27145,0
006329.jpg,27182,0
006330.jpg,27220,0
006331.jpg,27258,0
006332.jpg,27296,1
006333.jpg,27335,1
006334.jpg,27372,0
006335.jpg,27411,1
006336.jpg,27449,0
006337.jpg,27487,0
006338.jpg,27525,0
006339.jpg,27562,0
006340.jpg,27600,1
006341.jpg,27638,1
006342.jpg,27676,0
006343.jpg,27715,1
006344.jpg,27753,1
006345.jpg,27792,0
006346.jpg,27829,1
006347.jpg,27868,0
006348.jpg,27907,1
006349.jpg,27946,1
006350.jpg,27984,0
006351.jpg,28022,0
006352.jpg,28061,1
006353.jpg,28099,0
006354.jpg,28138,0
006355.jpg,28175,0
006356.jpg,28213,0
006357.jpg,28252,0
006358.jpg,28290,0
006359.jpg,28329,0
006360.jpg,28368,0
006361.jpg,28407,1
006362.jpg,28446,1
006363.jpg,28485,1
006364.jpg,28524,0
006365.jpg,28563,1
006366.jpg,28600,0
006367.jpg,28639,0
006368.jpg,28677,1
006369.jpg,28714,0
006370.jpg,28752,0
006371.jpg,28791,0
006372.jpg,28829,0
006373.jpg,28867,1
006374.jpg,28905,1
006375.jpg,28943,1
006376.jpg,28980,0
006377.jpg,29019,0
006378.jpg,29057,1
006379.jpg,29096,1
006380.jpg,29134,1
006381.jpg,29172,0
006382.jpg,29211,0
006383.jpg,29250,1
006384.jpg,29288,1
006385.jpg,29326,0
006386.jpg,29365,0
006387.jpg,29403,0
006388.jpg,29440,1
006389.jpg,29478,0
006390.jpg,29515,0
006391.jpg,29554,1
006392.jpg,29591,0
006393.jpg,29630,0
006394.jpg,29668,0
006395.jpg,29706,1
006396.jpg,29744,1
006397.jpg,29782,1
006398.jpg,29820,0
006399.jpg,29857,1
006400.jpg,29895,1
006401.jpg,29932,1
006402.jpg,29970,1
006403.jpg,30008,0
006404.jpg,30045,1
006405.jpg,30083,1
006406.jpg,30121,1
006407.jpg,30160,0
006408.jpg,30196,0
006409.jpg,30234,1
006410.jpg,30271,1
006411.jpg,30309,1
006412.jpg,30347,0
006413.jpg,30384,1
006414.jpg,30421,0
006415.jpg,30458,0
006416.jpg,30497,1
006417.jpg,30536,1
006418.jpg,30572,0
006419.jpg,30609,0
006420.jpg,30647,1
006421.jpg,30685,0
006422.jpg,30724,1
006423.jpg,30763,1
006424.jpg,30801,1
006425.jpg,30840,0
006426.jpg,30878,1
006427.jpg,30915,1
006428.jpg,30953,0
006429.jpg,30991,1
006430.jpg,31030,1
006431.jpg,31067,1
006432.jpg,31106,1
006433.jpg,31145,1
006434.jpg,31184,1
006435.jpg,31223,0
006436.jpg,31261,0
006437.jpg,31300,0
006438.jpg,31337,0
006439.jpg,31376,0
006440.jpg,31413,1
006441.jpg,31451,0
006442.jpg,31489,1
006443.jpg,31527,1
006444.jpg,31565,1
006445.jpg,31604,0
006446.jpg,31642,1
006447.jpg,31681,1
006448.jpg,31719,1
006449.jpg,31757,1
006450.jpg,31796,0
006451.jpg,31832,0
006452.jpg,31871,1
006453.jpg,31908,0
006454.jpg,31946,1
006455.jpg,31984,0
006456.jpg,32023,1
006457.jpg,32060,0
006458.jpg,32098,1
006459.jpg,32136,0
006460.jpg,32173,1
006461.jpg,32212,1
006462.jpg,32251,0
006463.jpg,32289,0
006464.jpg,32327,1
006465.jpg,32367,1
006466.jpg,32405,0
006467.jpg,32443,0
006468.jpg,32482,0
006469.jpg,32520,0
006470.jpg,32556,0
006471.jpg,32594,0
006472.jpg,32630,0
006473.jpg,32668,1
006474.jpg,32707,1
006475.jpg,32746,0
006476.jpg,32784,0
006477.jpg,32822,1
006478.jpg,32861,1
006479.jpg,32898,0
006480.jpg,32935,0
006481.jpg,32973,0
006482.jpg,33011,0
006483.jpg,33051,0
006484.jpg,33090,0
006485.jpg,33127,0
006486.jpg,33165,1
006487.jpg,33203,1
006488.jpg,33242,0
006489.jpg,33279,0
006490.jpg,33318,0
006491.jpg,33356,1
006492.jpg,33395,0
006493.jpg,33432,0
006494.jpg,33469,0
006495.jpg,33506,0
006496.jpg,33543,1
006497.jpg,33581,0
006498.jpg,33620,0
006499.jpg,33659,1
006500.jpg,33698,0
006501.jpg,33735,0
006502.jpg,33774,1
006503.jpg,33811,1
006504.jpg,33849,0
006505.jpg,33888,0
006506.jpg,33928,1
006507.jpg,33965,0
006508.jpg,34004,1
006509.jpg,34043,1
006510.jpg,34080,0
006511.jpg,34119,0
006512.jpg,34156,0
006513.jpg,34195,1
006514.jpg,34233,0
006515.jpg,34271,0
006516.jpg,34309,0
006517.jpg,34349,1
006518.jpg,34389,0
006519.jpg,34426,1
006520.jpg,34465,1
006521.jpg,34502,1
006522.jpg,34542,1
006523.jpg,34580,0
006524.jpg,34619,0
006525.jpg,34656,1
006526.jpg,34694,1
006527.jpg,34732,0
006528.jpg,34770,0
006529.jpg,34808,0
006530.jpg,34845,1
006531.jpg,34884,1
006532.jpg,34923,0
006533.jpg,34962,1
006534.jpg,35001,0
006535.jpg,35038,1
006536.jpg,35075,0
006537.jpg,35114,0
006538.jpg,35153,0
006539.jpg,35192,0
006540.jpg,35230,0
006541.jpg,35268,1
006542.jpg,35306,1
006543.jpg,35345,0
006544.jpg,35381,1
006545.jpg,35420,0
006546.jpg,35459,0
006547.jpg,35498,1
006548.jpg,35536,0
006549.jpg,35575,1
006550.jpg,35613,1
006551.jpg,35651,1
006552.jpg,35690,1
006553.jpg,35728,1
006554.jpg,35766,0
006555.jpg,35804,0
006556.jpg,35842,0
006557.jpg,35879,0
006558.jpg,35918,0
006559.jpg,35955,1
006560.jpg,35993,0
006561.jpg,36031,0
006562.jpg,36070,0
006563.jpg,36109,1
006564.jpg,36148,0
006565.jpg,36186,0
006566.jpg,36224,1
006567.jpg,36263,0
006568.jpg,36301,1
006569.jpg,36338,0
006570.jpg,36377,1
006571.jpg,36415,1
006572.jpg,36452,1
006573.jpg,36491,0
006574.jpg,36530,1
006576.jpg,36568,0
006577.jpg,36606,1
006578.jpg,36644,0
006579.jpg,36680,1
006580.jpg,36716,1
006581.jpg,36754,0
006582.jpg,36793,1
006583.jpg,36831,0
006584.jpg,36869,1
006585.jpg,36908,1
006586.jpg,36946,0
006587.jpg,36984,0
006588.jpg,37019,1
006589.jpg,37059,0
006590.jpg,37097,0
006591.jpg,37134,0
006592.jpg,37172,1
006593.jpg,37211,0
006594.jpg,37250,1
006595.jpg,37289,1
006596.jpg,37328,1
006597.jpg,37367,1
006598.jpg,37404,1
006599.jpg,37443,1
006600.jpg,37481,0
006601.jpg,37519,0
006602.jpg,37556,0
006603.jpg,37593,0
006604.jpg,37631,0
006605.jpg,37669,0
006606.jpg,37707,0
006607.jpg,37747,0
006608.jpg,37786,1
006609.jpg,37824,0
006610.jpg,37862,0
006611.jpg,37900,0
006612.jpg,37938,0
006613.jpg,37976,0
006614.jpg,38015,1
006615.jpg,38052,1
006616.jpg,38091,1
006617.jpg,38130,1
006618.jpg,38167,0
006619.jpg,38203,0
006620.jpg,38241,1
006621.jpg,38278,0
006622.jpg,38316,1
006623.jpg,38354,1
006624.jpg,38392,1
006625.jpg,38428,1
006626.jpg,38465,1
006627.jpg,38503,0
006628.jpg,38542,0
006629.jpg,38581,1
006630.jpg,38619,1
006631.jpg,38657,0
006632.jpg,38695,0
006633.jpg,38733,0
006634.jpg,38770,0
006635.jpg,38808,1
006636.jpg,38845,1
006637.jpg,38884,1
006638.jpg,38924,0
006639.jpg,38962,0
006640.jpg,38998,1
006641.jpg,39037,1
006642.jpg,39075,1
006643.jpg,39113,1
006644.jpg,39152,0
006645.jpg,39191,1
006646.jpg,39230,0
006647.jpg,39268,1
006648.jpg,39307,0
006649.jpg,39347,0
006650.jpg,39386,0
006651.jpg,39425,0
006652.jpg,39463,1
006653.jpg,39501,0
006654.jpg,39540,1
006655.jpg,39578,1
006656.jpg,39616,0
006657.jpg,39655,1
006658.jpg,39693,1
006659.jpg,39732,0
006660.jpg,39770,1
006661.jpg,39807,1
006662.jpg,39845,1
006663.jpg,39883,1
006664.jpg,39923,0
006665.jpg,39961,0
006666.jpg,39999,0
006667.jpg,40037,1
006668.jpg,40076,1
006669.jpg,40114,0
006671.jpg,40153,0
006672.jpg,40190,1
006673.jpg,40228,1
006674.jpg,40265,0
006675.jpg,40304,0
006676.jpg,40343,1
006677.jpg,40380,1
006678.jpg,40417,0
006679.jpg,40454,1
006680.jpg,40494,0
006681.jpg,40532,1
006682.jpg,40571,0
006683.jpg,40610,0
006684.jpg,40647,0
006685.jpg,40683,1
006686.jpg,40720,0
006687.jpg,40760,0
006688.jpg,40799,1
006689.jpg,40838,0
006690.jpg,40876,1
006691.jpg,40915,0
006692.jpg,40954,1
006693.jpg,40992,0
006694.jpg,41029,1
006695.jpg,41067,0
006696.jpg,41106,1
006697.jpg,41143,0
006698.jpg,41181,0
006699.jpg,41220,0
006700.jpg,41257,0
006701.jpg,41295,0
006702.jpg,41334,1
006703.jpg,41372,0
006704.jpg,41409,0
006705.jpg,41447,0
006706.jpg,41486,0
006707.jpg,41524,1
006709.jpg,41563,1
006710.jpg,41601,1
006711.jpg,41639,1
006712.jpg,41677,1
006713.jpg,41716,1
006714.jpg,41753,1
006715.jpg,41792,1
006716.jpg,41830,0
006717.jpg,41868,1
006718.jpg,41907,1
006719.jpg,41944,0
006720.jpg,41981,0
006721.jpg,42019,0
006722.jpg,42057,1
006723.jpg,42095,0
006724.jpg,42134,0
006725.jpg,42171,0
006726.jpg,42209,1
006727.jpg,42246,0
006728.jpg,42285,0
006729.jpg,42323,0
006730.jpg,42360,1
006731.jpg,42400,0
006732.jpg,42439,0
006733.jpg,42478,0
006734.jpg,42515,1
006735.jpg,42552,0
006736.jpg,42589,0
006737.jpg,42628,0
006738.jpg,42668,0
006739.jpg,42707,0
006740.jpg,42746,1
006741.jpg,42784,1
006742.jpg,42823,0
006743.jpg,42861,1
006744.jpg,42898,1
006745.jpg,42936,1
006746.jpg,42975,1
006747.jpg,43013,0
006748.jpg,43052,0
006749.jpg,43091,0
006750.jpg,43130,0
006751.jpg,43168,1
006752.jpg,43206,1
006753.jpg,43243,1
006754.jpg,43282,0
006755.jpg,43320,1
006756.jpg,43359,1
006757.jpg,43399,0
006758.jpg,43438,1
006759.jpg,43477,0
006760.jpg,43515,0
006761.jpg,43554,1
006762.jpg,43592,1
006763.jpg,43631,0
006764.jpg,43670,0
006765.jpg,43708,0
006766.jpg,43747,0
006767.jpg,43785,1
006768.jpg,43823,0
006769.jpg,43863,0
006770.jpg,43901,0
006771.jpg,43938,1
006772.jpg,43977,0
006773.jpg,44016,0
006774.jpg,44055,1
006775.jpg,44092,1
006776.jpg,44129,1
006777.jpg,44166,1
006778.jpg,44203,1
006779.jpg,44241,1
006780.jpg,44279,0
006781.jpg,44318,0
006782.jpg,44357,1
006783.jpg,44395,0
006784.jpg,44431,1
006785.jpg,44470,1
006786.jpg,44508,0
006787.jpg,44546,1
006788.jpg,44583,0
006789.jpg,44622,0
006790.jpg,44661,0
006791.jpg,44701,0
006792.jpg,44740,1
006794.jpg,44779,0
006795.jpg,44817,1
006796.jpg,44857,0
006797.jpg,44893,1
006798.jpg,44932,0
006799.jpg,44970,0
006800.jpg,45008,1
006801.jpg,45045,0
006802.jpg,45085,0
006803.jpg,45123,0
006804.jpg,45162,0
006805.jpg,45200,0
006806.jpg,45239,0
006807.jpg,45277,0
006808.jpg,45316,0
006809.jpg,45355,0
006810.jpg,45394,0
006811.jpg,45432,0
006812.jpg,45469,1
006813.jpg,45506,0
006814.jpg,45543,-1
006815.jpg,45582,0
006817.jpg,45620,1
006818.jpg,45659,0
006819.jpg,45697,0
006820.jpg,45736,0
006821.jpg,45774,1
006822.jpg,45813,0
006823.jpg,45852,0
006824.jpg,45890,0
006825.jpg,45928,0
006826.jpg,45967,0
006827.jpg,46004,1
006828.jpg,46042,1
006829.jpg,46080,0
006830.jpg,46118,0
006831.jpg,46157,0
006832.jpg,46195,1
006833.jpg,46234,1
006834.jpg,46273,0
006835.jpg,46312,1
006836.jpg,46350,0
006837.jpg,46389,1
006838.jpg,46425,0
006839.jpg,46464,1
006840.jpg,46503,0
006841.jpg,46542,1
006842.jpg,46581,1
006843.jpg,46620,0
006844.jpg,46659,1
006845.jpg,46697,1
006846.jpg,46735,0
006847.jpg,46773,0
006848.jpg,46811,0
006849.jpg,46850,1
006850.jpg,46889,0
006851.jpg,46927,1
006852.jpg,46966,1
006853.jpg,47005,0
006854.jpg,47042,1
006855.jpg,47081,1
006856.jpg,47120,0
006857.jpg,47157,1
006858.jpg,47196,1
006859.jpg,47235,0
006860.jpg,47274,0
006861.jpg,47311,0
006862.jpg,47348,0
006863.jpg,47385,1
006864.jpg,47424,0
006865.jpg,47463,1
006866.jpg,47501,0
006867.jpg,47537,0
006868.jpg,47576,0
006869.jpg,47614,1
006870.jpg,47653,0
006871.jpg,47692,0
006873.jpg,47730,0
006875.jpg,47768,0
006876.jpg,47806,0
006877.jpg,47844,0
006878.jpg,47883,0
006879.jpg,47921,0
006880.jpg,47958,0
006881.jpg,47995,1
006882.jpg,48034,0
006883.jpg,48073,1
006884.jpg,48111,0
006885.jpg,48149,1
006886.jpg,48188,1
006887.jpg,48226,0
006888.jpg,48265,1
006889.jpg,48303,0
006890.jpg,48340,0
006891.jpg,48378,0
006892.jpg,48415,0
006893.jpg,48453,1
006894.jpg,48491,1
006895.jpg,48531,1
006896.jpg,48570,1
006897.jpg,48609,0
006898.jpg,48648,0
006899.jpg,48686,1
006900.jpg,48725,1
006901.jpg,48762,1
006902.jpg,48799,0
006903.jpg,48838,1
006904.jpg,48876,1
006905.jpg,48914,0
006906.jpg,48954,1
006907.jpg,48993,1
006908.jpg,49031,0
006909.jpg,49069,0
006910.jpg,49108,0
006911.jpg,49147,0
006912.jpg,49184,0
006913.jpg,49220,0
006914.jpg,49260,0
006915.jpg,49299,0
006916.jpg,49336,1
006917.jpg,49375,0
006918.jpg,49413,0
006919.jpg,49451,1
006920.jpg,49490,1
006921.jpg,49529,1
006922.jpg,49569,0
006923.jpg,49608,1
006924.jpg,49645,0
006925.jpg,49683,1
006926.jpg,49720,1
006927.jpg,49757,1
006928.jpg,49795,1
006929.jpg,49831,1
006930.jpg,49869,1
006931.jpg,49903,0
006932.jpg,49941,0
006933.jpg,49979,0
006934.jpg,50016,0
006935.jpg,50055,0
006936.jpg,50092,0
006937.jpg,50130,0
006938.jpg,50167,0
006939.jpg,50204,0
006940.jpg,50242,0
006941.jpg,50281,0
006942.jpg,50321,0
006943.jpg,50359,1
006944.jpg,50398,0
006945.jpg,50437,0
006946.jpg,50476,1
006947.jpg,50514,0
006948.jpg,50552,1
006949.jpg,50591,0
006950.jpg,50629,1
006951.jpg,50669,0
006952.jpg,50705,0
006953.jpg,50744,0
006954.jpg,50782,0
006955.jpg,50821,0
006956.jpg,50860,0
006957.jpg,50898,0
006958.jpg,50935,0
006959.jpg,50974,1
006960.jpg,51009,0
006961.jpg,51046,0
006962.jpg,51083,1
006963.jpg,51118,1
006964.jpg,51156,0
006965.jpg,51194,0
006966.jpg,51232,1
006967.jpg,51269,1
006968.jpg,51308,1
006969.jpg,51346,1
006970.jpg,51384,1
006971.jpg,51422,1
006972.jpg,51459,1
006973.jpg,51498,0
006974.jpg,51535,0
006975.jpg,51573,1
006976.jpg,51611,1
006977.jpg,51649,0
006978.jpg,51686,0
006979.jpg,51725,1
006980.jpg,51764,1
006981.jpg,51802,1
006982.jpg,51840,0
006983.jpg,51879,1
006984.jpg,51918,1
006985.jpg,51957,1
006986.jpg,51995,1
006987.jpg,52031,0
006988.jpg,52071,0
006989.jpg,52110,1
006990.jpg,52148,1
006991.jpg,52185,1
006992.jpg,52222,0
006993.jpg,52259,1
006994.jpg,52297,1
006995.jpg,52335,1
006996.jpg,52375,1
006997.jpg,52414,1
006998.jpg,52451,1
006999.jpg,52489,0
007000.jpg,52527,0
007001.jpg,52564,1
007002.jpg,52603,1
007003.jpg,52643,0
007004.jpg,52680,1
007005.jpg,52718,1
007006.jpg,52756,1
007007.jpg,52795,0
007008.jpg,52834,0
007009.jpg,52873,1
007010.jpg,52911,1
007011.jpg,52949,1
007012.jpg,52989,1
007013.jpg,53028,0
007014.jpg,53066,1
007015.jpg,53105,0
007016.jpg,53143,1
007017.jpg,53182,1
007018.jpg,53221,0
007019.jpg,53259,1
007020.jpg,53297,0
007021.jpg,53334,1
007022.jpg,53371,1
007023.jpg,53410,1
007024.jpg,53448,0
007025.jpg,53486,1
007026.jpg,53525,0
007027.jpg,53562,1
007028.jpg,53600,0
007029.jpg,53638,1
007030.jpg,53676,1
007031.jpg,53714,0
007032.jpg,53753,1
007033.jpg,53792,0
007034.jpg,53829,0
007035.jpg,53865,0
007037.jpg,53903,1
007038.jpg,53939,1
007039.jpg,53978,0
007040.jpg,54009,0
007041.jpg,54048,0
007042.jpg,54086,1
007043.jpg,54125,0
007044.jpg,54164,1
007045.jpg,54203,0
007046.jpg,54240,1
007047.jpg,54277,0
007048.jpg,54310,0
007049.jpg,54349,1
007050.jpg,54387,1
007051.jpg,54425,1
007052.jpg,54464,0
007053.jpg,54503,1
007054.jpg,54543,0
007055.jpg,54581,1
007056.jpg,54621,0
007057.jpg,54659,1
007058.jpg,54697,0
007059.jpg,54733,1
007060.jpg,54771,1
007061.jpg,54808,0
007062.jpg,54848,0
007063.jpg,54887,1
007064.jpg,54926,0
007065.jpg,54965,1
007066.jpg,55002,1
007067.jpg,55038,1
007068.jpg,55076,0
007070.jpg,55114,0
007071.jpg,55152,1
007072.jpg,55190,0
007074.jpg,55228,1
007075.jpg,55264,1
007076.jpg,55303,1
007077.jpg,55341,0
007078.jpg,55379,0
007079.jpg,55418,1
007080.jpg,55454,1
007081.jpg,55492,0
007082.jpg,55531,0
007083.jpg,55569,0
007084.jpg,55608,0
007085.jpg,55645,1
007086.jpg,55684,1
007087.jpg,55720,1
007088.jpg,55758,1
007089.jpg,55797,1
007090.jpg,55836,1
007091.jpg,55873,0
007092.jpg,55910,1
007093.jpg,55949,1
007095.jpg,55987,0
007096.jpg,56025,1
007097.jpg,56063,1
007098.jpg,56101,0
007099.jpg,56140,0
007100.jpg,56179,0
007101.jpg,56216,1
007102.jpg,56254,1
007103.jpg,56293,0
007104.jpg,56331,1
007105.jpg,56368,1
007106.jpg,56406,1
007107.jpg,56445,1
007108.jpg,56483,0
007109.jpg,56522,0
007110.jpg,56560,1
007111.jpg,56599,1
007112.jpg,56637,0
007113.jpg,56676,1
007114.jpg,56714,1
007115.jpg,56753,0
007116.jpg,56792,1
007117.jpg,56831,1
007118.jpg,56869,1
007119.jpg,56908,0
007120.jpg,56945,1
007121.jpg,56983,1
007122.jpg,57021,0
007123.jpg,57060,1
007124.jpg,57100,0
007125.jpg,57137,1
007126.jpg,57176,1
007127.jpg,57214,0
007128.jpg,57252,0
007129.jpg,57289,0
007130.jpg,57328,0
007131.jpg,57366,1
007133.jpg,57403,1
007134.jpg,57442,0
007135.jpg,57481,1
007136.jpg,57516,0
007137.jpg,57555,0
007138.jpg,57593,0
007139.jpg,57630,0
007140.jpg,57667,0
007141.jpg,57706,0
007142.jpg,57743,1
007143.jpg,57782,1
007144.jpg,57819,0
007145.jpg,57857,0
007146.jpg,57896,1
007147.jpg,57933,1
007148.jpg,57972,1
007149.jpg,58010,1
007150.jpg,58050,0
007151.jpg,58088,0
007152.jpg,58126,0
007153.jpg,58164,1
007154.jpg,58203,1
007155.jpg,58241,0
007156.jpg,58279,0
007157.jpg,58317,0
007158.jpg,58353,0
007159.jpg,58391,0
007160.jpg,58430,1
007161.jpg,58468,1
007162.jpg,58505,1
007163.jpg,58542,0
007164.jpg,58580,1
007165.jpg,58617,1
007166.jpg,58654,1
007167.jpg,58693,1
007168.jpg,58731,1
007169.jpg,58770,0
007171.jpg,58807,1
007172.jpg,58843,1
007173.jpg,58882,0
007174.jpg,58921,1
007175.jpg,58959,1
007176.jpg,58995,0
007177.jpg,59034,0
007178.jpg,59073,1
007179.jpg,59109,0
007180.jpg,59147,0
007181.jpg,59183,1
007182.jpg,59220,1
007183.jpg,59257,1
007184.jpg,59296,1
007185.jpg,59335,0
007186.jpg,59370,0
007187.jpg,59408,1
007188.jpg,59447,0
007189.jpg,59486,1
007190.jpg,59524,0
007191.jpg,59562,0
007192.jpg,59600,1
007193.jpg,59637,1
007194.jpg,59674,1
007195.jpg,59713,1
007196.jpg,59752,0
007197.jpg,59790,0
007198.jpg,59827,0
007199.jpg,59866,0
007200.jpg,59905,0
007201.jpg,59943,1
007202.jpg,59980,1
007203.jpg,60018,1
007204.jpg,60055,1
007205.jpg,60095,1
007207.jpg,60132,0
007208.jpg,60168,1
007209.jpg,60207,1
007210.jpg,60246,1
007211.jpg,60285,0
007212.jpg,60323,1
007213.jpg,60360,1
007214.jpg,60399,1
007215.jpg,60436,1
007216.jpg,60475,0
007217.jpg,60512,1
007218.jpg,60550,1
007219.jpg,60588,1
007220.jpg,60627,1
007221.jpg,60665,1
007222.jpg,60702,0
007223.jpg,60741,1
007224.jpg,60779,1
007225.jpg,60817,1
007226.jpg,60856,0
007227.jpg,60895,0
007228.jpg,60934,1
007229.jpg,60972,0
007230.jpg,61010,1
007231.jpg,61046,0
007232.jpg,61085,0
007233.jpg,61121,0
007234.jpg,61160,0
007235.jpg,61198,0
007236.jpg,61235,0
007237.jpg,61272,0
007238.jpg,61309,1
007239.jpg,61346,0
007240.jpg,61384,1
007241.jpg,61422,0
007242.jpg,61459,1
007243.jpg,61496,0
007244.jpg,61533,0
007245.jpg,61568,1
007246.jpg,61607,1
007247.jpg,61644,0
007248.jpg,61683,1
007249.jpg,61720,0
007250.jpg,61758,1
007251.jpg,61796,0
007252.jpg,61835,0
007253.jpg,61873,0
007254.jpg,61910,1
007255.jpg,61948,0
007256.jpg,61987,0
007257.jpg,62025,1
007258.jpg,62062,1
007259.jpg,62101,0
007260.jpg,62139,1
007261.jpg,62176,0
007262.jpg,62215,0
007263.jpg,62254,1
007264.jpg,62291,0
007265.jpg,62331,0
007266.jpg,62369,0
007267.jpg,62406,0
007268.jpg,62444,1
007269.jpg,62482,1
007270.jpg,62519,1
007271.jpg,62558,0
007272.jpg,62597,0
007273.jpg,62635,0
007274.jpg,62673,0
007275.jpg,62712,1
007276.jpg,62749,1
007277.jpg,62787,1
007278.jpg,62825,1
007279.jpg,62863,1
007280.jpg,62902,1
007281.jpg,62940,1
007282.jpg,62977,0
007283.jpg,63016,0
007284.jpg,63055,0
007285.jpg,63095,1
007286.jpg,63134,0
007289.jpg,63172,0
007290.jpg,63210,0
007291.jpg,63248,1
007292.jpg,63285,1
007293.jpg,63325,1
007294.jpg,63363,0
007295.jpg,63401,1
007296.jpg,63438,1
007297.jpg,63476,0
007298.jpg,63516,0
007299.jpg,63555,0
007300.jpg,63594,0
007301.jpg,63632,0
007302.jpg,63671,1
007304.jpg,63709,0
007305.jpg,63747,1
007306.jpg,63786,1
007307.jpg,63826,1
007308.jpg,63864,0
007309.jpg,63902,0
007310.jpg,63938,1
007311.jpg,63976,1
007312.jpg,64015,0
007313.jpg,64052,0
007314.jpg,64091,0
007315.jpg,64129,1
007316.jpg,64168,1
007317.jpg,64206,0
007318.jpg,64244,1
007319.jpg,64283,1
007320.jpg,64321,1
007321.jpg,64359,0
007322.jpg,64397,1
007323.jpg,64435,0
007324.jpg,64473,1
007326.jpg,64512,0
007327.jpg,64551,1
007328.jpg,64589,1
007329.jpg,64628,1
007330.jpg,64667,0
007331.jpg,64705,0
007332.jpg,64743,1
007333.jpg,64781,1
007334.jpg,64820,0
007335.jpg,64859,0
007336.jpg,64898,0
007337.jpg,64936,1
007338.jpg,64974,1
007339.jpg,65013,0
007340.jpg,65050,0
007341.jpg,65089,1
007342.jpg,65128,0
007343.jpg,65167,0
007344.jpg,65205,1
007345.jpg,65243,1
007346.jpg,65280,1
007347.jpg,65319,1
007348.jpg,65356,0
007349.jpg,65394,0
007350.jpg,65431,1
007351.jpg,65470,1
007352.jpg,65507,1
007353.jpg,65545,1
007354.jpg,65584,0
007355.jpg,65621,0
007356.jpg,65660,0
007357.jpg,65698,1
007358.jpg,65734,1
007359.jpg,65772,0
007360.jpg,65811,0
007361.jpg,65850,1
007362.jpg,65887,0
007363.jpg,65925,1
007364.jpg,65964,0
007365.jpg,66002,0
007366.jpg,66041,1
007367.jpg,66081,0
007368.jpg,66119,1
007369.jpg,66157,0
007370.jpg,66196,1
007371.jpg,66233,0
007372.jpg,66271,1
007373.jpg,66309,0
007374.jpg,66348,1
007375.jpg,66386,0
007376.jpg,66423,0
007377.jpg,66461,0
007378.jpg,66499,0
007379.jpg,66537,0
007380.jpg,66577,0
007381.jpg,66615,1
007382.jpg,66651,0
007383.jpg,66691,1
007384.jpg,66730,1
007385.jpg,66769,1
007386.jpg,66808,0
007387.jpg,66847,1
007388.jpg,66886,0
007389.jpg,66925,0
007390.jpg,66963,0
007391.jpg,67001,1
007392.jpg,67038,0
007393.jpg,67077,0
007394.jpg,67115,0
007395.jpg,67153,1
007396.jpg,67192,0
007397.jpg,67230,0
007398.jpg,67268,1
007399.jpg,67307,1
007400.jpg,67346,1
007401.jpg,67384,1
007402.jpg,67424,1
007403.jpg,67461,0
007404.jpg,67498,0
007405.jpg,67537,1
007406.jpg,67575,1
007407.jpg,67614,1
007408.jpg,67651,1
007409.jpg,67689,0
007410.jpg,67727,1
007411.jpg,67765,0
007412.jpg,67801,1
007413.jpg,67839,1
007414.jpg,67875,0
007415.jpg,67914,0
007416.jpg,67954,1
007417.jpg,67991,0
007418.jpg,68028,0
007419.jpg,68066,1
007420.jpg,68102,0
007421.jpg,68141,1
007422.jpg,68179,0
007423.jpg,68218,1
007424.jpg,68257,0
007425.jpg,68296,0
007426.jpg,68333,0
007427.jpg,68371,0
007428.jpg,68409,1
007429.jpg,68446,1
007430.jpg,68484,0
007431.jpg,68521,1
007432.jpg,68559,0
007433.jpg,68598,0
007434.jpg,68635,0
007435.jpg,68672,1
007436.jpg,68710,1
007437.jpg,68749,0
007438.jpg,68788,0
007439.jpg,68828,0
007440.jpg,68867,0
007441.jpg,68904,0
007442.jpg,68942,0
007443.jpg,68981,1
007444.jpg,69020,1
007445.jpg,69059,0
007446.jpg,69095,1
007447.jpg,69134,0
007448.jpg,69172,1
007449.jpg,69210,1
007450.jpg,69249,1
007451.jpg,69288,1
007452.jpg,69326,1
007453.jpg,69364,0
007454.jpg,69402,0
007455.jpg,69440,1
007456.jpg,69479,0
007457.jpg,69518,1
007458.jpg,69556,1
007459.jpg,69594,1
007460.jpg,69633,0
007461.jpg,69672,0
007462.jpg,69709,1
007463.jpg,69748,0
007464.jpg,69785,0
007465.jpg,69824,1
007466.jpg,69863,0
007467.jpg,69902,1
007468.jpg,69940,0
007469.jpg,69978,0
007470.jpg,70015,1
007471.jpg,70053,0
007472.jpg,70091,0
007473.jpg,70129,1
007474.jpg,70168,0
007475.jpg,70207,1
007476.jpg,70245,0
007477.jpg,70282,0
007478.jpg,70319,1
007479.jpg,70356,0
007480.jpg,70394,1
007481.jpg,70432,0
007482.jpg,70471,1
007483.jpg,70510,1
007484.jpg,70548,0
007485.jpg,70586,1
007486.jpg,70623,1
007487.jpg,70658,1
007488.jpg,70697,0
007489.jpg,70735,0
007490.jpg,70773,1
007491.jpg,70811,1
007492.jpg,70849,0
007493.jpg,70888,0
007494.jpg,70925,0
007495.jpg,70965,0
007496.jpg,71004,1
007497.jpg,71042,0
007498.jpg,71081,1
007499.jpg,71120,1
007500.jpg,71156,0
007501.jpg,71194,0
007502.jpg,71232,1
007503.jpg,71270,0
007504.jpg,71309,0
007505.jpg,71346,0
007506.jpg,71384,1
007507.jpg,71420,1
007508.jpg,71459,0
007509.jpg,71497,0
007510.jpg,71536,0
007511.jpg,71574,0
007512.jpg,71611,0
007513.jpg,71649,1
007514.jpg,71688,0
007515.jpg,71725,0
007516.jpg,71764,1
007517.jpg,71801,0
007518.jpg,71838,0
007519.jpg,71877,1
007520.jpg,71915,1
007521.jpg,71953,1
007522.jpg,71993,1
007523.jpg,72031,0
007524.jpg,72070,1
007525.jpg,72108,0
007526.jpg,72147,0
007527.jpg,72186,0
007528.jpg,72224,0
007529.jpg,72262,0
007530.jpg,72300,1
007531.jpg,72338,1
007532.jpg,72377,1
007533.jpg,72415,1
007534.jpg,72454,1
007535.jpg,72492,0
007536.jpg,72531,0
007537.jpg,72570,0
007538.jpg,72608,0
007539.jpg,72645,1
007540.jpg,72684,1
007541.jpg,72723,0
007542.jpg,72762,0
007543.jpg,72800,1
007544.jpg,72839,1
007545.jpg,72878,1
007546.jpg,72916,1
007547.jpg,72954,0
007548.jpg,72992,1
007549.jpg,73029,0
007550.jpg,73068,0
007551.jpg,73105,0
007552.jpg,73144,0
007553.jpg,73183,0
007554.jpg,73221,0
007555.jpg,73257,0
007556.jpg,73295,0
007557.jpg,73332,1
007558.jpg,73368,0
007559.jpg,73408,1
007560.jpg,73446,1
007561.jpg,73483,1
007562.jpg,73522,0
007563.jpg,73559,0
007564.jpg,73597,1
007565.jpg,73636,0
007566.jpg,73675,1
007567.jpg,73712,0
007568.jpg,73749,0
007569.jpg,73787,0
007570.jpg,73826,0
007571.jpg,73865,1
007572.jpg,73904,1
007573.jpg,73940,1
007574.jpg,73978,1
007575.jpg,74015,1
007576.jpg,74053,1
007577.jpg,74092,1
007578.jpg,74131,0
007579.jpg,74170,1
007580.jpg,74209,0
007581.jpg,74248,1
007582.jpg,74284,1
007583.jpg,74322,1
007584.jpg,74360,1
007585.jpg,74400,0
007586.jpg,74438,0
007587.jpg,74476,0
007588.jpg,74515,0
007589.jpg,74553,0
007590.jpg,74593,1
007591.jpg,74632,1
007592.jpg,74670,0
007593.jpg,74710,0
007594.jpg,74750,0
007595.jpg,74789,0
007596.jpg,74826,0
007597.jpg,74863,1
007598.jpg,74900,1
007599.jpg,74938,0
007600.jpg,74975,0
007601.jpg,75012,1
007602.jpg,75050,0
007603.jpg,75086,1
007604.jpg,75124,0
007605.jpg,75163,1
007606.jpg,75201,0
007607.jpg,75239,0
007608.jpg,75278,0
007609.jpg,75316,0
007610.jpg,75353,1
007611.jpg,75390,1
007612.jpg,75426,1
